id	meaning	A	B	C
row-0	row-0	p p p p p p	p p p p p p	p p p p p p
row-1	row-1	p p p p p t	p p p p p t	p p p p p t
row-2	row-2	p p p p p k	p p p p p k	p p p p p k
row-3	row-3	p p p p p s	p p p p p s	p p p p p s
row-4	row-4	p p p p t p	p p p p t p	p p p p t p
row-5	row-5	p p p p t t	p p p p t t	p p p p t t
row-6	row-6	p p p p t k	p p p p t k	p p p p t k
row-7	row-7	p p p p t s	p p p p t s	p p p p t s
row-8	row-8	p p p p k p	p p p p k p	p p p p k p
row-9	row-9	p p p p k t	p p p p k t	p p p p k t
row-10	row-10	p p p p k k	p p p p k k	p p p p k k
row-11	row-11	p p p p k s	p p p p k s	p p p p k s
row-12	row-12	p p p p s p	p p p p s p	p p p p s p
row-13	row-13	p p p p s t	p p p p s t	p p p p s t
row-14	row-14	p p p p s k	p p p p s k	p p p p s k
row-15	row-15	p p p p s s	p p p p s s	p p p p s s
row-16	row-16	p p p t p p	p p p t p p	p p p t p p
row-17	row-17	p p p t p t	p p p t p t	p p p t p t
row-18	row-18	p p p t p k	p p p t p k	p p p t p k
row-19	row-19	p p p t p s	p p p t p s	p p p t p s
row-20	row-20	p p p t t p	p p p t t p	p p p t t p
row-21	row-21	p p p t t t	p p p t t t	p p p t t t
row-22	row-22	p p p t t k	p p p t t k	p p p t t k
row-23	row-23	p p p t t s	p p p t t s	p p p t t s
row-24	row-24	p p p t k p	p p p t k p	p p p t k p
row-25	row-25	p p p t k t	p p p t k t	p p p t k t
row-26	row-26	p p p t k k	p p p t k k	p p p t k k
row-27	row-27	p p p t k s	p p p t k s	p p p t k s
row-28	row-28	p p p t s p	p p p t s p	p p p t s p
row-29	row-29	p p p t s t	p p p t s t	p p p t s t
row-30	row-30	p p p t s k	p p p t s k	p p p t s k
row-31	row-31	p p p t s s	p p p t s s	p p p t s s
row-32	row-32	p p p k p p	p p p k p p	p p p k p p
row-33	row-33	p p p k p t	p p p k p t	p p p k p t
row-34	row-34	p p p k p k	p p p k p k	p p p k p k
row-35	row-35	p p p k p s	p p p k p s	p p p k p s
row-36	row-36	p p p k t p	p p p k t p	p p p k t p
row-37	row-37	p p p k t t	p p p k t t	p p p k t t
row-38	row-38	p p p k t k	p p p k t k	p p p k t k
row-39	row-39	p p p k t s	p p p k t s	p p p k t s
row-40	row-40	p p p k k p	p p p k k p	p p p k k p
row-41	row-41	p p p k k t	p p p k k t	p p p k k t
row-42	row-42	p p p k k k	p p p k k k	p p p k k k
row-43	row-43	p p p k k s	p p p k k s	p p p k k s
row-44	row-44	p p p k s p	p p p k s p	p p p k s p
row-45	row-45	p p p k s t	p p p k s t	p p p k s t
row-46	row-46	p p p k s k	p p p k s k	p p p k s k
row-47	row-47	p p p k s s	p p p k s s	p p p k s s
row-48	row-48	p p p s p p	p p p s p p	p p p s p p
row-49	row-49	p p p s p t	p p p s p t	p p p s p t
row-50	row-50	p p p s p k	p p p s p k	p p p s p k
row-51	row-51	p p p s p s	p p p s p s	p p p s p s
row-52	row-52	p p p s t p	p p p s t p	p p p s t p
row-53	row-53	p p p s t t	p p p s t t	p p p s t t
row-54	row-54	p p p s t k	p p p s t k	p p p s t k
row-55	row-55	p p p s t s	p p p s t s	p p p s t s
row-56	row-56	p p p s k p	p p p s k p	p p p s k p
row-57	row-57	p p p s k t	p p p s k t	p p p s k t
row-58	row-58	p p p s k k	p p p s k k	p p p s k k
row-59	row-59	p p p s k s	p p p s k s	p p p s k s
row-60	row-60	p p p s s p	p p p s s p	p p p s s p
row-61	row-61	p p p s s t	p p p s s t	p p p s s t
row-62	row-62	p p p s s k	p p p s s k	p p p s s k
row-63	row-63	p p p s s s	p p p s s s	p p p s s s
row-64	row-64	p p t p p p	p p t p p p	p p t p p p
row-65	row-65	p p t p p t	p p t p p t	p p t p p t
row-66	row-66	p p t p p k	p p t p p k	p p t p p k
row-67	row-67	p p t p p s	p p t p p s	p p t p p s
row-68	row-68	p p t p t p	p p t p t p	p p t p t p
row-69	row-69	p p t p t t	p p t p t t	p p t p t t
row-70	row-70	p p t p t k	p p t p t k	p p t p t k
row-71	row-71	p p t p t s	p p t p t s	p p t p t s
row-72	row-72	p p t p k p	p p t p k p	p p t p k p
row-73	row-73	p p t p k t	p p t p k t	p p t p k t
row-74	row-74	p p t p k k	p p t p k k	p p t p k k
row-75	row-75	p p t p k s	p p t p k s	p p t p k s
row-76	row-76	p p t p s p	p p t p s p	p p t p s p
row-77	row-77	p p t p s t	p p t p s t	p p t p s t
row-78	row-78	p p t p s k	p p t p s k	p p t p s k
row-79	row-79	p p t p s s	p p t p s s	p p t p s s
row-80	row-80	p p t t p p	p p t t p p	p p t t p p
row-81	row-81	p p t t p t	p p t t p t	p p t t p t
row-82	row-82	p p t t p k	p p t t p k	p p t t p k
row-83	row-83	p p t t p s	p p t t p s	p p t t p s
row-84	row-84	p p t t t p	p p t t t p	p p t t t p
row-85	row-85	p p t t t t	p p t t t t	p p t t t t
row-86	row-86	p p t t t k	p p t t t k	p p t t t k
row-87	row-87	p p t t t s	p p t t t s	p p t t t s
row-88	row-88	p p t t k p	p p t t k p	p p t t k p
row-89	row-89	p p t t k t	p p t t k t	p p t t k t
row-90	row-90	p p t t k k	p p t t k k	p p t t k k
row-91	row-91	p p t t k s	p p t t k s	p p t t k s
row-92	row-92	p p t t s p	p p t t s p	p p t t s p
row-93	row-93	p p t t s t	p p t t s t	p p t t s t
row-94	row-94	p p t t s k	p p t t s k	p p t t s k
row-95	row-95	p p t t s s	p p t t s s	p p t t s s
row-96	row-96	p p t k p p	p p t k p p	p p t k p p
row-97	row-97	p p t k p t	p p t k p t	p p t k p t
row-98	row-98	p p t k p k	p p t k p k	p p t k p k
row-99	row-99	p p t k p s	p p t k p s	p p t k p s
row-100	row-100	p p t k t p	p p t k t p	p p t k t p
row-101	row-101	p p t k t t	p p t k t t	p p t k t t
row-102	row-102	p p t k t k	p p t k t k	p p t k t k
row-103	row-103	p p t k t s	p p t k t s	p p t k t s
row-104	row-104	p p t k k p	p p t k k p	p p t k k p
row-105	row-105	p p t k k t	p p t k k t	p p t k k t
row-106	row-106	p p t k k k	p p t k k k	p p t k k k
row-107	row-107	p p t k k s	p p t k k s	p p t k k s
row-108	row-108	p p t k s p	p p t k s p	p p t k s p
row-109	row-109	p p t k s t	p p t k s t	p p t k s t
row-110	row-110	p p t k s k	p p t k s k	p p t k s k
row-111	row-111	p p t k s s	p p t k s s	p p t k s s
row-112	row-112	p p t s p p	p p t s p p	p p t s p p
row-113	row-113	p p t s p t	p p t s p t	p p t s p t
row-114	row-114	p p t s p k	p p t s p k	p p t s p k
row-115	row-115	p p t s p s	p p t s p s	p p t s p s
row-116	row-116	p p t s t p	p p t s t p	p p t s t p
row-117	row-117	p p t s t t	p p t s t t	p p t s t t
row-118	row-118	p p t s t k	p p t s t k	p p t s t k
row-119	row-119	p p t s t s	p p t s t s	p p t s t s
row-120	row-120	p p t s k p	p p t s k p	p p t s k p
row-121	row-121	p p t s k t	p p t s k t	p p t s k t
row-122	row-122	p p t s k k	p p t s k k	p p t s k k
row-123	row-123	p p t s k s	p p t s k s	p p t s k s
row-124	row-124	p p t s s p	p p t s s p	p p t s s p
row-125	row-125	p p t s s t	p p t s s t	p p t s s t
row-126	row-126	p p t s s k	p p t s s k	p p t s s k
row-127	row-127	p p t s s s	p p t s s s	p p t s s s
row-128	row-128	p p k p p p	p p k p p p	p p k p p p
row-129	row-129	p p k p p t	p p k p p t	p p k p p t
row-130	row-130	p p k p p k	p p k p p k	p p k p p k
row-131	row-131	p p k p p s	p p k p p s	p p k p p s
row-132	row-132	p p k p t p	p p k p t p	p p k p t p
row-133	row-133	p p k p t t	p p k p t t	p p k p t t
row-134	row-134	p p k p t k	p p k p t k	p p k p t k
row-135	row-135	p p k p t s	p p k p t s	p p k p t s
row-136	row-136	p p k p k p	p p k p k p	p p k p k p
row-137	row-137	p p k p k t	p p k p k t	p p k p k t
row-138	row-138	p p k p k k	p p k p k k	p p k p k k
row-139	row-139	p p k p k s	p p k p k s	p p k p k s
row-140	row-140	p p k p s p	p p k p s p	p p k p s p
row-141	row-141	p p k p s t	p p k p s t	p p k p s t
row-142	row-142	p p k p s k	p p k p s k	p p k p s k
row-143	row-143	p p k p s s	p p k p s s	p p k p s s
row-144	row-144	p p k t p p	p p k t p p	p p k t p p
row-145	row-145	p p k t p t	p p k t p t	p p k t p t
row-146	row-146	p p k t p k	p p k t p k	p p k t p k
row-147	row-147	p p k t p s	p p k t p s	p p k t p s
row-148	row-148	p p k t t p	p p k t t p	p p k t t p
row-149	row-149	p p k t t t	p p k t t t	p p k t t t
row-150	row-150	p p k t t k	p p k t t k	p p k t t k
row-151	row-151	p p k t t s	p p k t t s	p p k t t s
row-152	row-152	p p k t k p	p p k t k p	p p k t k p
row-153	row-153	p p k t k t	p p k t k t	p p k t k t
row-154	row-154	p p k t k k	p p k t k k	p p k t k k
row-155	row-155	p p k t k s	p p k t k s	p p k t k s
row-156	row-156	p p k t s p	p p k t s p	p p k t s p
row-157	row-157	p p k t s t	p p k t s t	p p k t s t
row-158	row-158	p p k t s k	p p k t s k	p p k t s k
row-159	row-159	p p k t s s	p p k t s s	p p k t s s
row-160	row-160	p p k k p p	p p k k p p	p p k k p p
row-161	row-161	p p k k p t	p p k k p t	p p k k p t
row-162	row-162	p p k k p k	p p k k p k	p p k k p k
row-163	row-163	p p k k p s	p p k k p s	p p k k p s
row-164	row-164	p p k k t p	p p k k t p	p p k k t p
row-165	row-165	p p k k t t	p p k k t t	p p k k t t
row-166	row-166	p p k k t k	p p k k t k	p p k k t k
row-167	row-167	p p k k t s	p p k k t s	p p k k t s
row-168	row-168	p p k k k p	p p k k k p	p p k k k p
row-169	row-169	p p k k k t	p p k k k t	p p k k k t
row-170	row-170	p p k k k k	p p k k k k	p p k k k k
row-171	row-171	p p k k k s	p p k k k s	p p k k k s
row-172	row-172	p p k k s p	p p k k s p	p p k k s p
row-173	row-173	p p k k s t	p p k k s t	p p k k s t
row-174	row-174	p p k k s k	p p k k s k	p p k k s k
row-175	row-175	p p k k s s	p p k k s s	p p k k s s
row-176	row-176	p p k s p p	p p k s p p	p p k s p p
row-177	row-177	p p k s p t	p p k s p t	p p k s p t
row-178	row-178	p p k s p k	p p k s p k	p p k s p k
row-179	row-179	p p k s p s	p p k s p s	p p k s p s
row-180	row-180	p p k s t p	p p k s t p	p p k s t p
row-181	row-181	p p k s t t	p p k s t t	p p k s t t
row-182	row-182	p p k s t k	p p k s t k	p p k s t k
row-183	row-183	p p k s t s	p p k s t s	p p k s t s
row-184	row-184	p p k s k p	p p k s k p	p p k s k p
row-185	row-185	p p k s k t	p p k s k t	p p k s k t
row-186	row-186	p p k s k k	p p k s k k	p p k s k k
row-187	row-187	p p k s k s	p p k s k s	p p k s k s
row-188	row-188	p p k s s p	p p k s s p	p p k s s p
row-189	row-189	p p k s s t	p p k s s t	p p k s s t
row-190	row-190	p p k s s k	p p k s s k	p p k s s k
row-191	row-191	p p k s s s	p p k s s s	p p k s s s
row-192	row-192	p p s p p p	p p s p p p	p p s p p p
row-193	row-193	p p s p p t	p p s p p t	p p s p p t
row-194	row-194	p p s p p k	p p s p p k	p p s p p k
row-195	row-195	p p s p p s	p p s p p s	p p s p p s
row-196	row-196	p p s p t p	p p s p t p	p p s p t p
row-197	row-197	p p s p t t	p p s p t t	p p s p t t
row-198	row-198	p p s p t k	p p s p t k	p p s p t k
row-199	row-199	p p s p t s	p p s p t s	p p s p t s
row-200	row-200	p p s p k p	p p s p k p	p p s p k p
row-201	row-201	p p s p k t	p p s p k t	p p s p k t
row-202	row-202	p p s p k k	p p s p k k	p p s p k k
row-203	row-203	p p s p k s	p p s p k s	p p s p k s
row-204	row-204	p p s p s p	p p s p s p	p p s p s p
row-205	row-205	p p s p s t	p p s p s t	p p s p s t
row-206	row-206	p p s p s k	p p s p s k	p p s p s k
row-207	row-207	p p s p s s	p p s p s s	p p s p s s
row-208	row-208	p p s t p p	p p s t p p	p p s t p p
row-209	row-209	p p s t p t	p p s t p t	p p s t p t
row-210	row-210	p p s t p k	p p s t p k	p p s t p k
row-211	row-211	p p s t p s	p p s t p s	p p s t p s
row-212	row-212	p p s t t p	p p s t t p	p p s t t p
row-213	row-213	p p s t t t	p p s t t t	p p s t t t
row-214	row-214	p p s t t k	p p s t t k	p p s t t k
row-215	row-215	p p s t t s	p p s t t s	p p s t t s
row-216	row-216	p p s t k p	p p s t k p	p p s t k p
row-217	row-217	p p s t k t	p p s t k t	p p s t k t
row-218	row-218	p p s t k k	p p s t k k	p p s t k k
row-219	row-219	p p s t k s	p p s t k s	p p s t k s
row-220	row-220	p p s t s p	p p s t s p	p p s t s p
row-221	row-221	p p s t s t	p p s t s t	p p s t s t
row-222	row-222	p p s t s k	p p s t s k	p p s t s k
row-223	row-223	p p s t s s	p p s t s s	p p s t s s
row-224	row-224	p p s k p p	p p s k p p	p p s k p p
row-225	row-225	p p s k p t	p p s k p t	p p s k p t
row-226	row-226	p p s k p k	p p s k p k	p p s k p k
row-227	row-227	p p s k p s	p p s k p s	p p s k p s
row-228	row-228	p p s k t p	p p s k t p	p p s k t p
row-229	row-229	p p s k t t	p p s k t t	p p s k t t
row-230	row-230	p p s k t k	p p s k t k	p p s k t k
row-231	row-231	p p s k t s	p p s k t s	p p s k t s
row-232	row-232	p p s k k p	p p s k k p	p p s k k p
row-233	row-233	p p s k k t	p p s k k t	p p s k k t
row-234	row-234	p p s k k k	p p s k k k	p p s k k k
row-235	row-235	p p s k k s	p p s k k s	p p s k k s
row-236	row-236	p p s k s p	p p s k s p	p p s k s p
row-237	row-237	p p s k s t	p p s k s t	p p s k s t
row-238	row-238	p p s k s k	p p s k s k	p p s k s k
row-239	row-239	p p s k s s	p p s k s s	p p s k s s
row-240	row-240	p p s s p p	p p s s p p	p p s s p p
row-241	row-241	p p s s p t	p p s s p t	p p s s p t
row-242	row-242	p p s s p k	p p s s p k	p p s s p k
row-243	row-243	p p s s p s	p p s s p s	p p s s p s
row-244	row-244	p p s s t p	p p s s t p	p p s s t p
row-245	row-245	p p s s t t	p p s s t t	p p s s t t
row-246	row-246	p p s s t k	p p s s t k	p p s s t k
row-247	row-247	p p s s t s	p p s s t s	p p s s t s
row-248	row-248	p p s s k p	p p s s k p	p p s s k p
row-249	row-249	p p s s k t	p p s s k t	p p s s k t
row-250	row-250	p p s s k k	p p s s k k	p p s s k k
row-251	row-251	p p s s k s	p p s s k s	p p s s k s
row-252	row-252	p p s s s p	p p s s s p	p p s s s p
row-253	row-253	p p s s s t	p p s s s t	p p s s s t
row-254	row-254	p p s s s k	p p s s s k	p p s s s k
row-255	row-255	p p s s s s	p p s s s s	p p s s s s
row-256	row-256	p t p p p p	p t p p p p	p t p p p p
row-257	row-257	p t p p p t	p t p p p t	p t p p p t
row-258	row-258	p t p p p k	p t p p p k	p t p p p k
row-259	row-259	p t p p p s	p t p p p s	p t p p p s
row-260	row-260	p t p p t p	p t p p t p	p t p p t p
row-261	row-261	p t p p t t	p t p p t t	p t p p t t
row-262	row-262	p t p p t k	p t p p t k	p t p p t k
row-263	row-263	p t p p t s	p t p p t s	p t p p t s
row-264	row-264	p t p p k p	p t p p k p	p t p p k p
row-265	row-265	p t p p k t	p t p p k t	p t p p k t
row-266	row-266	p t p p k k	p t p p k k	p t p p k k
row-267	row-267	p t p p k s	p t p p k s	p t p p k s
row-268	row-268	p t p p s p	p t p p s p	p t p p s p
row-269	row-269	p t p p s t	p t p p s t	p t p p s t
row-270	row-270	p t p p s k	p t p p s k	p t p p s k
row-271	row-271	p t p p s s	p t p p s s	p t p p s s
row-272	row-272	p t p t p p	p t p t p p	p t p t p p
row-273	row-273	p t p t p t	p t p t p t	p t p t p t
row-274	row-274	p t p t p k	p t p t p k	p t p t p k
row-275	row-275	p t p t p s	p t p t p s	p t p t p s
row-276	row-276	p t p t t p	p t p t t p	p t p t t p
row-277	row-277	p t p t t t	p t p t t t	p t p t t t
row-278	row-278	p t p t t k	p t p t t k	p t p t t k
row-279	row-279	p t p t t s	p t p t t s	p t p t t s
row-280	row-280	p t p t k p	p t p t k p	p t p t k p
row-281	row-281	p t p t k t	p t p t k t	p t p t k t
row-282	row-282	p t p t k k	p t p t k k	p t p t k k
row-283	row-283	p t p t k s	p t p t k s	p t p t k s
row-284	row-284	p t p t s p	p t p t s p	p t p t s p
row-285	row-285	p t p t s t	p t p t s t	p t p t s t
row-286	row-286	p t p t s k	p t p t s k	p t p t s k
row-287	row-287	p t p t s s	p t p t s s	p t p t s s
row-288	row-288	p t p k p p	p t p k p p	p t p k p p
row-289	row-289	p t p k p t	p t p k p t	p t p k p t
row-290	row-290	p t p k p k	p t p k p k	p t p k p k
row-291	row-291	p t p k p s	p t p k p s	p t p k p s
row-292	row-292	p t p k t p	p t p k t p	p t p k t p
row-293	row-293	p t p k t t	p t p k t t	p t p k t t
row-294	row-294	p t p k t k	p t p k t k	p t p k t k
row-295	row-295	p t p k t s	p t p k t s	p t p k t s
row-296	row-296	p t p k k p	p t p k k p	p t p k k p
row-297	row-297	p t p k k t	p t p k k t	p t p k k t
row-298	row-298	p t p k k k	p t p k k k	p t p k k k
row-299	row-299	p t p k k s	p t p k k s	p t p k k s
row-300	row-300	p t p k s p	p t p k s p	p t p k s p
row-301	row-301	p t p k s t	p t p k s t	p t p k s t
row-302	row-302	p t p k s k	p t p k s k	p t p k s k
row-303	row-303	p t p k s s	p t p k s s	p t p k s s
row-304	row-304	p t p s p p	p t p s p p	p t p s p p
row-305	row-305	p t p s p t	p t p s p t	p t p s p t
row-306	row-306	p t p s p k	p t p s p k	p t p s p k
row-307	row-307	p t p s p s	p t p s p s	p t p s p s
row-308	row-308	p t p s t p	p t p s t p	p t p s t p
row-309	row-309	p t p s t t	p t p s t t	p t p s t t
row-310	row-310	p t p s t k	p t p s t k	p t p s t k
row-311	row-311	p t p s t s	p t p s t s	p t p s t s
row-312	row-312	p t p s k p	p t p s k p	p t p s k p
row-313	row-313	p t p s k t	p t p s k t	p t p s k t
row-314	row-314	p t p s k k	p t p s k k	p t p s k k
row-315	row-315	p t p s k s	p t p s k s	p t p s k s
row-316	row-316	p t p s s p	p t p s s p	p t p s s p
row-317	row-317	p t p s s t	p t p s s t	p t p s s t
row-318	row-318	p t p s s k	p t p s s k	p t p s s k
row-319	row-319	p t p s s s	p t p s s s	p t p s s s
row-320	row-320	p t t p p p	p t t p p p	p t t p p p
row-321	row-321	p t t p p t	p t t p p t	p t t p p t
row-322	row-322	p t t p p k	p t t p p k	p t t p p k
row-323	row-323	p t t p p s	p t t p p s	p t t p p s
row-324	row-324	p t t p t p	p t t p t p	p t t p t p
row-325	row-325	p t t p t t	p t t p t t	p t t p t t
row-326	row-326	p t t p t k	p t t p t k	p t t p t k
row-327	row-327	p t t p t s	p t t p t s	p t t p t s
row-328	row-328	p t t p k p	p t t p k p	p t t p k p
row-329	row-329	p t t p k t	p t t p k t	p t t p k t
row-330	row-330	p t t p k k	p t t p k k	p t t p k k
row-331	row-331	p t t p k s	p t t p k s	p t t p k s
row-332	row-332	p t t p s p	p t t p s p	p t t p s p
row-333	row-333	p t t p s t	p t t p s t	p t t p s t
row-334	row-334	p t t p s k	p t t p s k	p t t p s k
row-335	row-335	p t t p s s	p t t p s s	p t t p s s
row-336	row-336	p t t t p p	p t t t p p	p t t t p p
row-337	row-337	p t t t p t	p t t t p t	p t t t p t
row-338	row-338	p t t t p k	p t t t p k	p t t t p k
row-339	row-339	p t t t p s	p t t t p s	p t t t p s
row-340	row-340	p t t t t p	p t t t t p	p t t t t p
row-341	row-341	p t t t t t	p t t t t t	p t t t t t
row-342	row-342	p t t t t k	p t t t t k	p t t t t k
row-343	row-343	p t t t t s	p t t t t s	p t t t t s
row-344	row-344	p t t t k p	p t t t k p	p t t t k p
row-345	row-345	p t t t k t	p t t t k t	p t t t k t
row-346	row-346	p t t t k k	p t t t k k	p t t t k k
row-347	row-347	p t t t k s	p t t t k s	p t t t k s
row-348	row-348	p t t t s p	p t t t s p	p t t t s p
row-349	row-349	p t t t s t	p t t t s t	p t t t s t
row-350	row-350	p t t t s k	p t t t s k	p t t t s k
row-351	row-351	p t t t s s	p t t t s s	p t t t s s
row-352	row-352	p t t k p p	p t t k p p	p t t k p p
row-353	row-353	p t t k p t	p t t k p t	p t t k p t
row-354	row-354	p t t k p k	p t t k p k	p t t k p k
row-355	row-355	p t t k p s	p t t k p s	p t t k p s
row-356	row-356	p t t k t p	p t t k t p	p t t k t p
row-357	row-357	p t t k t t	p t t k t t	p t t k t t
row-358	row-358	p t t k t k	p t t k t k	p t t k t k
row-359	row-359	p t t k t s	p t t k t s	p t t k t s
row-360	row-360	p t t k k p	p t t k k p	p t t k k p
row-361	row-361	p t t k k t	p t t k k t	p t t k k t
row-362	row-362	p t t k k k	p t t k k k	p t t k k k
row-363	row-363	p t t k k s	p t t k k s	p t t k k s
row-364	row-364	p t t k s p	p t t k s p	p t t k s p
row-365	row-365	p t t k s t	p t t k s t	p t t k s t
row-366	row-366	p t t k s k	p t t k s k	p t t k s k
row-367	row-367	p t t k s s	p t t k s s	p t t k s s
row-368	row-368	p t t s p p	p t t s p p	p t t s p p
row-369	row-369	p t t s p t	p t t s p t	p t t s p t
row-370	row-370	p t t s p k	p t t s p k	p t t s p k
row-371	row-371	p t t s p s	p t t s p s	p t t s p s
row-372	row-372	p t t s t p	p t t s t p	p t t s t p
row-373	row-373	p t t s t t	p t t s t t	p t t s t t
row-374	row-374	p t t s t k	p t t s t k	p t t s t k
row-375	row-375	p t t s t s	p t t s t s	p t t s t s
row-376	row-376	p t t s k p	p t t s k p	p t t s k p
row-377	row-377	p t t s k t	p t t s k t	p t t s k t
row-378	row-378	p t t s k k	p t t s k k	p t t s k k
row-379	row-379	p t t s k s	p t t s k s	p t t s k s
row-380	row-380	p t t s s p	p t t s s p	p t t s s p
row-381	row-381	p t t s s t	p t t s s t	p t t s s t
row-382	row-382	p t t s s k	p t t s s k	p t t s s k
row-383	row-383	p t t s s s	p t t s s s	p t t s s s
row-384	row-384	p t k p p p	p t k p p p	p t k p p p
row-385	row-385	p t k p p t	p t k p p t	p t k p p t
row-386	row-386	p t k p p k	p t k p p k	p t k p p k
row-387	row-387	p t k p p s	p t k p p s	p t k p p s
row-388	row-388	p t k p t p	p t k p t p	p t k p t p
row-389	row-389	p t k p t t	p t k p t t	p t k p t t
row-390	row-390	p t k p t k	p t k p t k	p t k p t k
row-391	row-391	p t k p t s	p t k p t s	p t k p t s
row-392	row-392	p t k p k p	p t k p k p	p t k p k p
row-393	row-393	p t k p k t	p t k p k t	p t k p k t
row-394	row-394	p t k p k k	p t k p k k	p t k p k k
row-395	row-395	p t k p k s	p t k p k s	p t k p k s
row-396	row-396	p t k p s p	p t k p s p	p t k p s p
row-397	row-397	p t k p s t	p t k p s t	p t k p s t
row-398	row-398	p t k p s k	p t k p s k	p t k p s k
row-399	row-399	p t k p s s	p t k p s s	p t k p s s
row-400	row-400	p t k t p p	p t k t p p	p t k t p p
row-401	row-401	p t k t p t	p t k t p t	p t k t p t
row-402	row-402	p t k t p k	p t k t p k	p t k t p k
row-403	row-403	p t k t p s	p t k t p s	p t k t p s
row-404	row-404	p t k t t p	p t k t t p	p t k t t p
row-405	row-405	p t k t t t	p t k t t t	p t k t t t
row-406	row-406	p t k t t k	p t k t t k	p t k t t k
row-407	row-407	p t k t t s	p t k t t s	p t k t t s
row-408	row-408	p t k t k p	p t k t k p	p t k t k p
row-409	row-409	p t k t k t	p t k t k t	p t k t k t
row-410	row-410	p t k t k k	p t k t k k	p t k t k k
row-411	row-411	p t k t k s	p t k t k s	p t k t k s
row-412	row-412	p t k t s p	p t k t s p	p t k t s p
row-413	row-413	p t k t s t	p t k t s t	p t k t s t
row-414	row-414	p t k t s k	p t k t s k	p t k t s k
row-415	row-415	p t k t s s	p t k t s s	p t k t s s
row-416	row-416	p t k k p p	p t k k p p	p t k k p p
row-417	row-417	p t k k p t	p t k k p t	p t k k p t
row-418	row-418	p t k k p k	p t k k p k	p t k k p k
row-419	row-419	p t k k p s	p t k k p s	p t k k p s
row-420	row-420	p t k k t p	p t k k t p	p t k k t p
row-421	row-421	p t k k t t	p t k k t t	p t k k t t
row-422	row-422	p t k k t k	p t k k t k	p t k k t k
row-423	row-423	p t k k t s	p t k k t s	p t k k t s
row-424	row-424	p t k k k p	p t k k k p	p t k k k p
row-425	row-425	p t k k k t	p t k k k t	p t k k k t
row-426	row-426	p t k k k k	p t k k k k	p t k k k k
row-427	row-427	p t k k k s	p t k k k s	p t k k k s
row-428	row-428	p t k k s p	p t k k s p	p t k k s p
row-429	row-429	p t k k s t	p t k k s t	p t k k s t
row-430	row-430	p t k k s k	p t k k s k	p t k k s k
row-431	row-431	p t k k s s	p t k k s s	p t k k s s
row-432	row-432	p t k s p p	p t k s p p	p t k s p p
row-433	row-433	p t k s p t	p t k s p t	p t k s p t
row-434	row-434	p t k s p k	p t k s p k	p t k s p k
row-435	row-435	p t k s p s	p t k s p s	p t k s p s
row-436	row-436	p t k s t p	p t k s t p	p t k s t p
row-437	row-437	p t k s t t	p t k s t t	p t k s t t
row-438	row-438	p t k s t k	p t k s t k	p t k s t k
row-439	row-439	p t k s t s	p t k s t s	p t k s t s
row-440	row-440	p t k s k p	p t k s k p	p t k s k p
row-441	row-441	p t k s k t	p t k s k t	p t k s k t
row-442	row-442	p t k s k k	p t k s k k	p t k s k k
row-443	row-443	p t k s k s	p t k s k s	p t k s k s
row-444	row-444	p t k s s p	p t k s s p	p t k s s p
row-445	row-445	p t k s s t	p t k s s t	p t k s s t
row-446	row-446	p t k s s k	p t k s s k	p t k s s k
row-447	row-447	p t k s s s	p t k s s s	p t k s s s
row-448	row-448	p t s p p p	p t s p p p	p t s p p p
row-449	row-449	p t s p p t	p t s p p t	p t s p p t
row-450	row-450	p t s p p k	p t s p p k	p t s p p k
row-451	row-451	p t s p p s	p t s p p s	p t s p p s
row-452	row-452	p t s p t p	p t s p t p	p t s p t p
row-453	row-453	p t s p t t	p t s p t t	p t s p t t
row-454	row-454	p t s p t k	p t s p t k	p t s p t k
row-455	row-455	p t s p t s	p t s p t s	p t s p t s
row-456	row-456	p t s p k p	p t s p k p	p t s p k p
row-457	row-457	p t s p k t	p t s p k t	p t s p k t
row-458	row-458	p t s p k k	p t s p k k	p t s p k k
row-459	row-459	p t s p k s	p t s p k s	p t s p k s
row-460	row-460	p t s p s p	p t s p s p	p t s p s p
row-461	row-461	p t s p s t	p t s p s t	p t s p s t
row-462	row-462	p t s p s k	p t s p s k	p t s p s k
row-463	row-463	p t s p s s	p t s p s s	p t s p s s
row-464	row-464	p t s t p p	p t s t p p	p t s t p p
row-465	row-465	p t s t p t	p t s t p t	p t s t p t
row-466	row-466	p t s t p k	p t s t p k	p t s t p k
row-467	row-467	p t s t p s	p t s t p s	p t s t p s
row-468	row-468	p t s t t p	p t s t t p	p t s t t p
row-469	row-469	p t s t t t	p t s t t t	p t s t t t
row-470	row-470	p t s t t k	p t s t t k	p t s t t k
row-471	row-471	p t s t t s	p t s t t s	p t s t t s
row-472	row-472	p t s t k p	p t s t k p	p t s t k p
row-473	row-473	p t s t k t	p t s t k t	p t s t k t
row-474	row-474	p t s t k k	p t s t k k	p t s t k k
row-475	row-475	p t s t k s	p t s t k s	p t s t k s
row-476	row-476	p t s t s p	p t s t s p	p t s t s p
row-477	row-477	p t s t s t	p t s t s t	p t s t s t
row-478	row-478	p t s t s k	p t s t s k	p t s t s k
row-479	row-479	p t s t s s	p t s t s s	p t s t s s
row-480	row-480	p t s k p p	p t s k p p	p t s k p p
row-481	row-481	p t s k p t	p t s k p t	p t s k p t
row-482	row-482	p t s k p k	p t s k p k	p t s k p k
row-483	row-483	p t s k p s	p t s k p s	p t s k p s
row-484	row-484	p t s k t p	p t s k t p	p t s k t p
row-485	row-485	p t s k t t	p t s k t t	p t s k t t
row-486	row-486	p t s k t k	p t s k t k	p t s k t k
row-487	row-487	p t s k t s	p t s k t s	p t s k t s
row-488	row-488	p t s k k p	p t s k k p	p t s k k p
row-489	row-489	p t s k k t	p t s k k t	p t s k k t
row-490	row-490	p t s k k k	p t s k k k	p t s k k k
row-491	row-491	p t s k k s	p t s k k s	p t s k k s
row-492	row-492	p t s k s p	p t s k s p	p t s k s p
row-493	row-493	p t s k s t	p t s k s t	p t s k s t
row-494	row-494	p t s k s k	p t s k s k	p t s k s k
row-495	row-495	p t s k s s	p t s k s s	p t s k s s
row-496	row-496	p t s s p p	p t s s p p	p t s s p p
row-497	row-497	p t s s p t	p t s s p t	p t s s p t
row-498	row-498	p t s s p k	p t s s p k	p t s s p k
row-499	row-499	p t s s p s	p t s s p s	p t s s p s
row-500	row-500	p t s s t p	p t s s t p	p t s s t p
row-501	row-501	p t s s t t	p t s s t t	p t s s t t
row-502	row-502	p t s s t k	p t s s t k	p t s s t k
row-503	row-503	p t s s t s	p t s s t s	p t s s t s
row-504	row-504	p t s s k p	p t s s k p	p t s s k p
row-505	row-505	p t s s k t	p t s s k t	p t s s k t
row-506	row-506	p t s s k k	p t s s k k	p t s s k k
row-507	row-507	p t s s k s	p t s s k s	p t s s k s
row-508	row-508	p t s s s p	p t s s s p	p t s s s p
row-509	row-509	p t s s s t	p t s s s t	p t s s s t
row-510	row-510	p t s s s k	p t s s s k	p t s s s k
row-511	row-511	p t s s s s	p t s s s s	p t s s s s
row-512	row-512	p k p p p p	p k p p p p	p k p p p p
row-513	row-513	p k p p p t	p k p p p t	p k p p p t
row-514	row-514	p k p p p k	p k p p p k	p k p p p k
row-515	row-515	p k p p p s	p k p p p s	p k p p p s
row-516	row-516	p k p p t p	p k p p t p	p k p p t p
row-517	row-517	p k p p t t	p k p p t t	p k p p t t
row-518	row-518	p k p p t k	p k p p t k	p k p p t k
row-519	row-519	p k p p t s	p k p p t s	p k p p t s
row-520	row-520	p k p p k p	p k p p k p	p k p p k p
row-521	row-521	p k p p k t	p k p p k t	p k p p k t
row-522	row-522	p k p p k k	p k p p k k	p k p p k k
row-523	row-523	p k p p k s	p k p p k s	p k p p k s
row-524	row-524	p k p p s p	p k p p s p	p k p p s p
row-525	row-525	p k p p s t	p k p p s t	p k p p s t
row-526	row-526	p k p p s k	p k p p s k	p k p p s k
row-527	row-527	p k p p s s	p k p p s s	p k p p s s
row-528	row-528	p k p t p p	p k p t p p	p k p t p p
row-529	row-529	p k p t p t	p k p t p t	p k p t p t
row-530	row-530	p k p t p k	p k p t p k	p k p t p k
row-531	row-531	p k p t p s	p k p t p s	p k p t p s
row-532	row-532	p k p t t p	p k p t t p	p k p t t p
row-533	row-533	p k p t t t	p k p t t t	p k p t t t
row-534	row-534	p k p t t k	p k p t t k	p k p t t k
row-535	row-535	p k p t t s	p k p t t s	p k p t t s
row-536	row-536	p k p t k p	p k p t k p	p k p t k p
row-537	row-537	p k p t k t	p k p t k t	p k p t k t
row-538	row-538	p k p t k k	p k p t k k	p k p t k k
row-539	row-539	p k p t k s	p k p t k s	p k p t k s
row-540	row-540	p k p t s p	p k p t s p	p k p t s p
row-541	row-541	p k p t s t	p k p t s t	p k p t s t
row-542	row-542	p k p t s k	p k p t s k	p k p t s k
row-543	row-543	p k p t s s	p k p t s s	p k p t s s
row-544	row-544	p k p k p p	p k p k p p	p k p k p p
row-545	row-545	p k p k p t	p k p k p t	p k p k p t
row-546	row-546	p k p k p k	p k p k p k	p k p k p k
row-547	row-547	p k p k p s	p k p k p s	p k p k p s
row-548	row-548	p k p k t p	p k p k t p	p k p k t p
row-549	row-549	p k p k t t	p k p k t t	p k p k t t
row-550	row-550	p k p k t k	p k p k t k	p k p k t k
row-551	row-551	p k p k t s	p k p k t s	p k p k t s
row-552	row-552	p k p k k p	p k p k k p	p k p k k p
row-553	row-553	p k p k k t	p k p k k t	p k p k k t
row-554	row-554	p k p k k k	p k p k k k	p k p k k k
row-555	row-555	p k p k k s	p k p k k s	p k p k k s
row-556	row-556	p k p k s p	p k p k s p	p k p k s p
row-557	row-557	p k p k s t	p k p k s t	p k p k s t
row-558	row-558	p k p k s k	p k p k s k	p k p k s k
row-559	row-559	p k p k s s	p k p k s s	p k p k s s
row-560	row-560	p k p s p p	p k p s p p	p k p s p p
row-561	row-561	p k p s p t	p k p s p t	p k p s p t
row-562	row-562	p k p s p k	p k p s p k	p k p s p k
row-563	row-563	p k p s p s	p k p s p s	p k p s p s
row-564	row-564	p k p s t p	p k p s t p	p k p s t p
row-565	row-565	p k p s t t	p k p s t t	p k p s t t
row-566	row-566	p k p s t k	p k p s t k	p k p s t k
row-567	row-567	p k p s t s	p k p s t s	p k p s t s
row-568	row-568	p k p s k p	p k p s k p	p k p s k p
row-569	row-569	p k p s k t	p k p s k t	p k p s k t
row-570	row-570	p k p s k k	p k p s k k	p k p s k k
row-571	row-571	p k p s k s	p k p s k s	p k p s k s
row-572	row-572	p k p s s p	p k p s s p	p k p s s p
row-573	row-573	p k p s s t	p k p s s t	p k p s s t
row-574	row-574	p k p s s k	p k p s s k	p k p s s k
row-575	row-575	p k p s s s	p k p s s s	p k p s s s
row-576	row-576	p k t p p p	p k t p p p	p k t p p p
row-577	row-577	p k t p p t	p k t p p t	p k t p p t
row-578	row-578	p k t p p k	p k t p p k	p k t p p k
row-579	row-579	p k t p p s	p k t p p s	p k t p p s
row-580	row-580	p k t p t p	p k t p t p	p k t p t p
row-581	row-581	p k t p t t	p k t p t t	p k t p t t
row-582	row-582	p k t p t k	p k t p t k	p k t p t k
row-583	row-583	p k t p t s	p k t p t s	p k t p t s
row-584	row-584	p k t p k p	p k t p k p	p k t p k p
row-585	row-585	p k t p k t	p k t p k t	p k t p k t
row-586	row-586	p k t p k k	p k t p k k	p k t p k k
row-587	row-587	p k t p k s	p k t p k s	p k t p k s
row-588	row-588	p k t p s p	p k t p s p	p k t p s p
row-589	row-589	p k t p s t	p k t p s t	p k t p s t
row-590	row-590	p k t p s k	p k t p s k	p k t p s k
row-591	row-591	p k t p s s	p k t p s s	p k t p s s
row-592	row-592	p k t t p p	p k t t p p	p k t t p p
row-593	row-593	p k t t p t	p k t t p t	p k t t p t
row-594	row-594	p k t t p k	p k t t p k	p k t t p k
row-595	row-595	p k t t p s	p k t t p s	p k t t p s
row-596	row-596	p k t t t p	p k t t t p	p k t t t p
row-597	row-597	p k t t t t	p k t t t t	p k t t t t
row-598	row-598	p k t t t k	p k t t t k	p k t t t k
row-599	row-599	p k t t t s	p k t t t s	p k t t t s
row-600	row-600	p k t t k p	p k t t k p	p k t t k p
row-601	row-601	p k t t k t	p k t t k t	p k t t k t
row-602	row-602	p k t t k k	p k t t k k	p k t t k k
row-603	row-603	p k t t k s	p k t t k s	p k t t k s
row-604	row-604	p k t t s p	p k t t s p	p k t t s p
row-605	row-605	p k t t s t	p k t t s t	p k t t s t
row-606	row-606	p k t t s k	p k t t s k	p k t t s k
row-607	row-607	p k t t s s	p k t t s s	p k t t s s
row-608	row-608	p k t k p p	p k t k p p	p k t k p p
row-609	row-609	p k t k p t	p k t k p t	p k t k p t
row-610	row-610	p k t k p k	p k t k p k	p k t k p k
row-611	row-611	p k t k p s	p k t k p s	p k t k p s
row-612	row-612	p k t k t p	p k t k t p	p k t k t p
row-613	row-613	p k t k t t	p k t k t t	p k t k t t
row-614	row-614	p k t k t k	p k t k t k	p k t k t k
row-615	row-615	p k t k t s	p k t k t s	p k t k t s
row-616	row-616	p k t k k p	p k t k k p	p k t k k p
row-617	row-617	p k t k k t	p k t k k t	p k t k k t
row-618	row-618	p k t k k k	p k t k k k	p k t k k k
row-619	row-619	p k t k k s	p k t k k s	p k t k k s
row-620	row-620	p k t k s p	p k t k s p	p k t k s p
row-621	row-621	p k t k s t	p k t k s t	p k t k s t
row-622	row-622	p k t k s k	p k t k s k	p k t k s k
row-623	row-623	p k t k s s	p k t k s s	p k t k s s
row-624	row-624	p k t s p p	p k t s p p	p k t s p p
row-625	row-625	p k t s p t	p k t s p t	p k t s p t
row-626	row-626	p k t s p k	p k t s p k	p k t s p k
row-627	row-627	p k t s p s	p k t s p s	p k t s p s
row-628	row-628	p k t s t p	p k t s t p	p k t s t p
row-629	row-629	p k t s t t	p k t s t t	p k t s t t
row-630	row-630	p k t s t k	p k t s t k	p k t s t k
row-631	row-631	p k t s t s	p k t s t s	p k t s t s
row-632	row-632	p k t s k p	p k t s k p	p k t s k p
row-633	row-633	p k t s k t	p k t s k t	p k t s k t
row-634	row-634	p k t s k k	p k t s k k	p k t s k k
row-635	row-635	p k t s k s	p k t s k s	p k t s k s
row-636	row-636	p k t s s p	p k t s s p	p k t s s p
row-637	row-637	p k t s s t	p k t s s t	p k t s s t
row-638	row-638	p k t s s k	p k t s s k	p k t s s k
row-639	row-639	p k t s s s	p k t s s s	p k t s s s
row-640	row-640	p k k p p p	p k k p p p	p k k p p p
row-641	row-641	p k k p p t	p k k p p t	p k k p p t
row-642	row-642	p k k p p k	p k k p p k	p k k p p k
row-643	row-643	p k k p p s	p k k p p s	p k k p p s
row-644	row-644	p k k p t p	p k k p t p	p k k p t p
row-645	row-645	p k k p t t	p k k p t t	p k k p t t
row-646	row-646	p k k p t k	p k k p t k	p k k p t k
row-647	row-647	p k k p t s	p k k p t s	p k k p t s
row-648	row-648	p k k p k p	p k k p k p	p k k p k p
row-649	row-649	p k k p k t	p k k p k t	p k k p k t
row-650	row-650	p k k p k k	p k k p k k	p k k p k k
row-651	row-651	p k k p k s	p k k p k s	p k k p k s
row-652	row-652	p k k p s p	p k k p s p	p k k p s p
row-653	row-653	p k k p s t	p k k p s t	p k k p s t
row-654	row-654	p k k p s k	p k k p s k	p k k p s k
row-655	row-655	p k k p s s	p k k p s s	p k k p s s
row-656	row-656	p k k t p p	p k k t p p	p k k t p p
row-657	row-657	p k k t p t	p k k t p t	p k k t p t
row-658	row-658	p k k t p k	p k k t p k	p k k t p k
row-659	row-659	p k k t p s	p k k t p s	p k k t p s
row-660	row-660	p k k t t p	p k k t t p	p k k t t p
row-661	row-661	p k k t t t	p k k t t t	p k k t t t
row-662	row-662	p k k t t k	p k k t t k	p k k t t k
row-663	row-663	p k k t t s	p k k t t s	p k k t t s
row-664	row-664	p k k t k p	p k k t k p	p k k t k p
row-665	row-665	p k k t k t	p k k t k t	p k k t k t
row-666	row-666	p k k t k k	p k k t k k	p k k t k k
row-667	row-667	p k k t k s	p k k t k s	p k k t k s
row-668	row-668	p k k t s p	p k k t s p	p k k t s p
row-669	row-669	p k k t s t	p k k t s t	p k k t s t
row-670	row-670	p k k t s k	p k k t s k	p k k t s k
row-671	row-671	p k k t s s	p k k t s s	p k k t s s
row-672	row-672	p k k k p p	p k k k p p	p k k k p p
row-673	row-673	p k k k p t	p k k k p t	p k k k p t
row-674	row-674	p k k k p k	p k k k p k	p k k k p k
row-675	row-675	p k k k p s	p k k k p s	p k k k p s
row-676	row-676	p k k k t p	p k k k t p	p k k k t p
row-677	row-677	p k k k t t	p k k k t t	p k k k t t
row-678	row-678	p k k k t k	p k k k t k	p k k k t k
row-679	row-679	p k k k t s	p k k k t s	p k k k t s
row-680	row-680	p k k k k p	p k k k k p	p k k k k p
row-681	row-681	p k k k k t	p k k k k t	p k k k k t
row-682	row-682	p k k k k k	p k k k k k	p k k k k k
row-683	row-683	p k k k k s	p k k k k s	p k k k k s
row-684	row-684	p k k k s p	p k k k s p	p k k k s p
row-685	row-685	p k k k s t	p k k k s t	p k k k s t
row-686	row-686	p k k k s k	p k k k s k	p k k k s k
row-687	row-687	p k k k s s	p k k k s s	p k k k s s
row-688	row-688	p k k s p p	p k k s p p	p k k s p p
row-689	row-689	p k k s p t	p k k s p t	p k k s p t
row-690	row-690	p k k s p k	p k k s p k	p k k s p k
row-691	row-691	p k k s p s	p k k s p s	p k k s p s
row-692	row-692	p k k s t p	p k k s t p	p k k s t p
row-693	row-693	p k k s t t	p k k s t t	p k k s t t
row-694	row-694	p k k s t k	p k k s t k	p k k s t k
row-695	row-695	p k k s t s	p k k s t s	p k k s t s
row-696	row-696	p k k s k p	p k k s k p	p k k s k p
row-697	row-697	p k k s k t	p k k s k t	p k k s k t
row-698	row-698	p k k s k k	p k k s k k	p k k s k k
row-699	row-699	p k k s k s	p k k s k s	p k k s k s
row-700	row-700	p k k s s p	p k k s s p	p k k s s p
row-701	row-701	p k k s s t	p k k s s t	p k k s s t
row-702	row-702	p k k s s k	p k k s s k	p k k s s k
row-703	row-703	p k k s s s	p k k s s s	p k k s s s
row-704	row-704	p k s p p p	p k s p p p	p k s p p p
row-705	row-705	p k s p p t	p k s p p t	p k s p p t
row-706	row-706	p k s p p k	p k s p p k	p k s p p k
row-707	row-707	p k s p p s	p k s p p s	p k s p p s
row-708	row-708	p k s p t p	p k s p t p	p k s p t p
row-709	row-709	p k s p t t	p k s p t t	p k s p t t
row-710	row-710	p k s p t k	p k s p t k	p k s p t k
row-711	row-711	p k s p t s	p k s p t s	p k s p t s
row-712	row-712	p k s p k p	p k s p k p	p k s p k p
row-713	row-713	p k s p k t	p k s p k t	p k s p k t
row-714	row-714	p k s p k k	p k s p k k	p k s p k k
row-715	row-715	p k s p k s	p k s p k s	p k s p k s
row-716	row-716	p k s p s p	p k s p s p	p k s p s p
row-717	row-717	p k s p s t	p k s p s t	p k s p s t
row-718	row-718	p k s p s k	p k s p s k	p k s p s k
row-719	row-719	p k s p s s	p k s p s s	p k s p s s
row-720	row-720	p k s t p p	p k s t p p	p k s t p p
row-721	row-721	p k s t p t	p k s t p t	p k s t p t
row-722	row-722	p k s t p k	p k s t p k	p k s t p k
row-723	row-723	p k s t p s	p k s t p s	p k s t p s
row-724	row-724	p k s t t p	p k s t t p	p k s t t p
row-725	row-725	p k s t t t	p k s t t t	p k s t t t
row-726	row-726	p k s t t k	p k s t t k	p k s t t k
row-727	row-727	p k s t t s	p k s t t s	p k s t t s
row-728	row-728	p k s t k p	p k s t k p	p k s t k p
row-729	row-729	p k s t k t	p k s t k t	p k s t k t
row-730	row-730	p k s t k k	p k s t k k	p k s t k k
row-731	row-731	p k s t k s	p k s t k s	p k s t k s
row-732	row-732	p k s t s p	p k s t s p	p k s t s p
row-733	row-733	p k s t s t	p k s t s t	p k s t s t
row-734	row-734	p k s t s k	p k s t s k	p k s t s k
row-735	row-735	p k s t s s	p k s t s s	p k s t s s
row-736	row-736	p k s k p p	p k s k p p	p k s k p p
row-737	row-737	p k s k p t	p k s k p t	p k s k p t
row-738	row-738	p k s k p k	p k s k p k	p k s k p k
row-739	row-739	p k s k p s	p k s k p s	p k s k p s
row-740	row-740	p k s k t p	p k s k t p	p k s k t p
row-741	row-741	p k s k t t	p k s k t t	p k s k t t
row-742	row-742	p k s k t k	p k s k t k	p k s k t k
row-743	row-743	p k s k t s	p k s k t s	p k s k t s
row-744	row-744	p k s k k p	p k s k k p	p k s k k p
row-745	row-745	p k s k k t	p k s k k t	p k s k k t
row-746	row-746	p k s k k k	p k s k k k	p k s k k k
row-747	row-747	p k s k k s	p k s k k s	p k s k k s
row-748	row-748	p k s k s p	p k s k s p	p k s k s p
row-749	row-749	p k s k s t	p k s k s t	p k s k s t
row-750	row-750	p k s k s k	p k s k s k	p k s k s k
row-751	row-751	p k s k s s	p k s k s s	p k s k s s
row-752	row-752	p k s s p p	p k s s p p	p k s s p p
row-753	row-753	p k s s p t	p k s s p t	p k s s p t
row-754	row-754	p k s s p k	p k s s p k	p k s s p k
row-755	row-755	p k s s p s	p k s s p s	p k s s p s
row-756	row-756	p k s s t p	p k s s t p	p k s s t p
row-757	row-757	p k s s t t	p k s s t t	p k s s t t
row-758	row-758	p k s s t k	p k s s t k	p k s s t k
row-759	row-759	p k s s t s	p k s s t s	p k s s t s
row-760	row-760	p k s s k p	p k s s k p	p k s s k p
row-761	row-761	p k s s k t	p k s s k t	p k s s k t
row-762	row-762	p k s s k k	p k s s k k	p k s s k k
row-763	row-763	p k s s k s	p k s s k s	p k s s k s
row-764	row-764	p k s s s p	p k s s s p	p k s s s p
row-765	row-765	p k s s s t	p k s s s t	p k s s s t
row-766	row-766	p k s s s k	p k s s s k	p k s s s k
row-767	row-767	p k s s s s	p k s s s s	p k s s s s
row-768	row-768	p s p p p p	p s p p p p	p s p p p p
row-769	row-769	p s p p p t	p s p p p t	p s p p p t
row-770	row-770	p s p p p k	p s p p p k	p s p p p k
row-771	row-771	p s p p p s	p s p p p s	p s p p p s
row-772	row-772	p s p p t p	p s p p t p	p s p p t p
row-773	row-773	p s p p t t	p s p p t t	p s p p t t
row-774	row-774	p s p p t k	p s p p t k	p s p p t k
row-775	row-775	p s p p t s	p s p p t s	p s p p t s
row-776	row-776	p s p p k p	p s p p k p	p s p p k p
row-777	row-777	p s p p k t	p s p p k t	p s p p k t
row-778	row-778	p s p p k k	p s p p k k	p s p p k k
row-779	row-779	p s p p k s	p s p p k s	p s p p k s
row-780	row-780	p s p p s p	p s p p s p	p s p p s p
row-781	row-781	p s p p s t	p s p p s t	p s p p s t
row-782	row-782	p s p p s k	p s p p s k	p s p p s k
row-783	row-783	p s p p s s	p s p p s s	p s p p s s
row-784	row-784	p s p t p p	p s p t p p	p s p t p p
row-785	row-785	p s p t p t	p s p t p t	p s p t p t
row-786	row-786	p s p t p k	p s p t p k	p s p t p k
row-787	row-787	p s p t p s	p s p t p s	p s p t p s
row-788	row-788	p s p t t p	p s p t t p	p s p t t p
row-789	row-789	p s p t t t	p s p t t t	p s p t t t
row-790	row-790	p s p t t k	p s p t t k	p s p t t k
row-791	row-791	p s p t t s	p s p t t s	p s p t t s
row-792	row-792	p s p t k p	p s p t k p	p s p t k p
row-793	row-793	p s p t k t	p s p t k t	p s p t k t
row-794	row-794	p s p t k k	p s p t k k	p s p t k k
row-795	row-795	p s p t k s	p s p t k s	p s p t k s
row-796	row-796	p s p t s p	p s p t s p	p s p t s p
row-797	row-797	p s p t s t	p s p t s t	p s p t s t
row-798	row-798	p s p t s k	p s p t s k	p s p t s k
row-799	row-799	p s p t s s	p s p t s s	p s p t s s
row-800	row-800	p s p k p p	p s p k p p	p s p k p p
row-801	row-801	p s p k p t	p s p k p t	p s p k p t
row-802	row-802	p s p k p k	p s p k p k	p s p k p k
row-803	row-803	p s p k p s	p s p k p s	p s p k p s
row-804	row-804	p s p k t p	p s p k t p	p s p k t p
row-805	row-805	p s p k t t	p s p k t t	p s p k t t
row-806	row-806	p s p k t k	p s p k t k	p s p k t k
row-807	row-807	p s p k t s	p s p k t s	p s p k t s
row-808	row-808	p s p k k p	p s p k k p	p s p k k p
row-809	row-809	p s p k k t	p s p k k t	p s p k k t
row-810	row-810	p s p k k k	p s p k k k	p s p k k k
row-811	row-811	p s p k k s	p s p k k s	p s p k k s
row-812	row-812	p s p k s p	p s p k s p	p s p k s p
row-813	row-813	p s p k s t	p s p k s t	p s p k s t
row-814	row-814	p s p k s k	p s p k s k	p s p k s k
row-815	row-815	p s p k s s	p s p k s s	p s p k s s
row-816	row-816	p s p s p p	p s p s p p	p s p s p p
row-817	row-817	p s p s p t	p s p s p t	p s p s p t
row-818	row-818	p s p s p k	p s p s p k	p s p s p k
row-819	row-819	p s p s p s	p s p s p s	p s p s p s
row-820	row-820	p s p s t p	p s p s t p	p s p s t p
row-821	row-821	p s p s t t	p s p s t t	p s p s t t
row-822	row-822	p s p s t k	p s p s t k	p s p s t k
row-823	row-823	p s p s t s	p s p s t s	p s p s t s
row-824	row-824	p s p s k p	p s p s k p	p s p s k p
row-825	row-825	p s p s k t	p s p s k t	p s p s k t
row-826	row-826	p s p s k k	p s p s k k	p s p s k k
row-827	row-827	p s p s k s	p s p s k s	p s p s k s
row-828	row-828	p s p s s p	p s p s s p	p s p s s p
row-829	row-829	p s p s s t	p s p s s t	p s p s s t
row-830	row-830	p s p s s k	p s p s s k	p s p s s k
row-831	row-831	p s p s s s	p s p s s s	p s p s s s
row-832	row-832	p s t p p p	p s t p p p	p s t p p p
row-833	row-833	p s t p p t	p s t p p t	p s t p p t
row-834	row-834	p s t p p k	p s t p p k	p s t p p k
row-835	row-835	p s t p p s	p s t p p s	p s t p p s
row-836	row-836	p s t p t p	p s t p t p	p s t p t p
row-837	row-837	p s t p t t	p s t p t t	p s t p t t
row-838	row-838	p s t p t k	p s t p t k	p s t p t k
row-839	row-839	p s t p t s	p s t p t s	p s t p t s
row-840	row-840	p s t p k p	p s t p k p	p s t p k p
row-841	row-841	p s t p k t	p s t p k t	p s t p k t
row-842	row-842	p s t p k k	p s t p k k	p s t p k k
row-843	row-843	p s t p k s	p s t p k s	p s t p k s
row-844	row-844	p s t p s p	p s t p s p	p s t p s p
row-845	row-845	p s t p s t	p s t p s t	p s t p s t
row-846	row-846	p s t p s k	p s t p s k	p s t p s k
row-847	row-847	p s t p s s	p s t p s s	p s t p s s
row-848	row-848	p s t t p p	p s t t p p	p s t t p p
row-849	row-849	p s t t p t	p s t t p t	p s t t p t
row-850	row-850	p s t t p k	p s t t p k	p s t t p k
row-851	row-851	p s t t p s	p s t t p s	p s t t p s
row-852	row-852	p s t t t p	p s t t t p	p s t t t p
row-853	row-853	p s t t t t	p s t t t t	p s t t t t
row-854	row-854	p s t t t k	p s t t t k	p s t t t k
row-855	row-855	p s t t t s	p s t t t s	p s t t t s
row-856	row-856	p s t t k p	p s t t k p	p s t t k p
row-857	row-857	p s t t k t	p s t t k t	p s t t k t
row-858	row-858	p s t t k k	p s t t k k	p s t t k k
row-859	row-859	p s t t k s	p s t t k s	p s t t k s
row-860	row-860	p s t t s p	p s t t s p	p s t t s p
row-861	row-861	p s t t s t	p s t t s t	p s t t s t
row-862	row-862	p s t t s k	p s t t s k	p s t t s k
row-863	row-863	p s t t s s	p s t t s s	p s t t s s
row-864	row-864	p s t k p p	p s t k p p	p s t k p p
row-865	row-865	p s t k p t	p s t k p t	p s t k p t
row-866	row-866	p s t k p k	p s t k p k	p s t k p k
row-867	row-867	p s t k p s	p s t k p s	p s t k p s
row-868	row-868	p s t k t p	p s t k t p	p s t k t p
row-869	row-869	p s t k t t	p s t k t t	p s t k t t
row-870	row-870	p s t k t k	p s t k t k	p s t k t k
row-871	row-871	p s t k t s	p s t k t s	p s t k t s
row-872	row-872	p s t k k p	p s t k k p	p s t k k p
row-873	row-873	p s t k k t	p s t k k t	p s t k k t
row-874	row-874	p s t k k k	p s t k k k	p s t k k k
row-875	row-875	p s t k k s	p s t k k s	p s t k k s
row-876	row-876	p s t k s p	p s t k s p	p s t k s p
row-877	row-877	p s t k s t	p s t k s t	p s t k s t
row-878	row-878	p s t k s k	p s t k s k	p s t k s k
row-879	row-879	p s t k s s	p s t k s s	p s t k s s
row-880	row-880	p s t s p p	p s t s p p	p s t s p p
row-881	row-881	p s t s p t	p s t s p t	p s t s p t
row-882	row-882	p s t s p k	p s t s p k	p s t s p k
row-883	row-883	p s t s p s	p s t s p s	p s t s p s
row-884	row-884	p s t s t p	p s t s t p	p s t s t p
row-885	row-885	p s t s t t	p s t s t t	p s t s t t
row-886	row-886	p s t s t k	p s t s t k	p s t s t k
row-887	row-887	p s t s t s	p s t s t s	p s t s t s
row-888	row-888	p s t s k p	p s t s k p	p s t s k p
row-889	row-889	p s t s k t	p s t s k t	p s t s k t
row-890	row-890	p s t s k k	p s t s k k	p s t s k k
row-891	row-891	p s t s k s	p s t s k s	p s t s k s
row-892	row-892	p s t s s p	p s t s s p	p s t s s p
row-893	row-893	p s t s s t	p s t s s t	p s t s s t
row-894	row-894	p s t s s k	p s t s s k	p s t s s k
row-895	row-895	p s t s s s	p s t s s s	p s t s s s
row-896	row-896	p s k p p p	p s k p p p	p s k p p p
row-897	row-897	p s k p p t	p s k p p t	p s k p p t
row-898	row-898	p s k p p k	p s k p p k	p s k p p k
row-899	row-899	p s k p p s	p s k p p s	p s k p p s
row-900	row-900	p s k p t p	p s k p t p	p s k p t p
row-901	row-901	p s k p t t	p s k p t t	p s k p t t
row-902	row-902	p s k p t k	p s k p t k	p s k p t k
row-903	row-903	p s k p t s	p s k p t s	p s k p t s
row-904	row-904	p s k p k p	p s k p k p	p s k p k p
row-905	row-905	p s k p k t	p s k p k t	p s k p k t
row-906	row-906	p s k p k k	p s k p k k	p s k p k k
row-907	row-907	p s k p k s	p s k p k s	p s k p k s
row-908	row-908	p s k p s p	p s k p s p	p s k p s p
row-909	row-909	p s k p s t	p s k p s t	p s k p s t
row-910	row-910	p s k p s k	p s k p s k	p s k p s k
row-911	row-911	p s k p s s	p s k p s s	p s k p s s
row-912	row-912	p s k t p p	p s k t p p	p s k t p p
row-913	row-913	p s k t p t	p s k t p t	p s k t p t
row-914	row-914	p s k t p k	p s k t p k	p s k t p k
row-915	row-915	p s k t p s	p s k t p s	p s k t p s
row-916	row-916	p s k t t p	p s k t t p	p s k t t p
row-917	row-917	p s k t t t	p s k t t t	p s k t t t
row-918	row-918	p s k t t k	p s k t t k	p s k t t k
row-919	row-919	p s k t t s	p s k t t s	p s k t t s
row-920	row-920	p s k t k p	p s k t k p	p s k t k p
row-921	row-921	p s k t k t	p s k t k t	p s k t k t
row-922	row-922	p s k t k k	p s k t k k	p s k t k k
row-923	row-923	p s k t k s	p s k t k s	p s k t k s
row-924	row-924	p s k t s p	p s k t s p	p s k t s p
row-925	row-925	p s k t s t	p s k t s t	p s k t s t
row-926	row-926	p s k t s k	p s k t s k	p s k t s k
row-927	row-927	p s k t s s	p s k t s s	p s k t s s
row-928	row-928	p s k k p p	p s k k p p	p s k k p p
row-929	row-929	p s k k p t	p s k k p t	p s k k p t
row-930	row-930	p s k k p k	p s k k p k	p s k k p k
row-931	row-931	p s k k p s	p s k k p s	p s k k p s
row-932	row-932	p s k k t p	p s k k t p	p s k k t p
row-933	row-933	p s k k t t	p s k k t t	p s k k t t
row-934	row-934	p s k k t k	p s k k t k	p s k k t k
row-935	row-935	p s k k t s	p s k k t s	p s k k t s
row-936	row-936	p s k k k p	p s k k k p	p s k k k p
row-937	row-937	p s k k k t	p s k k k t	p s k k k t
row-938	row-938	p s k k k k	p s k k k k	p s k k k k
row-939	row-939	p s k k k s	p s k k k s	p s k k k s
row-940	row-940	p s k k s p	p s k k s p	p s k k s p
row-941	row-941	p s k k s t	p s k k s t	p s k k s t
row-942	row-942	p s k k s k	p s k k s k	p s k k s k
row-943	row-943	p s k k s s	p s k k s s	p s k k s s
row-944	row-944	p s k s p p	p s k s p p	p s k s p p
row-945	row-945	p s k s p t	p s k s p t	p s k s p t
row-946	row-946	p s k s p k	p s k s p k	p s k s p k
row-947	row-947	p s k s p s	p s k s p s	p s k s p s
row-948	row-948	p s k s t p	p s k s t p	p s k s t p
row-949	row-949	p s k s t t	p s k s t t	p s k s t t
row-950	row-950	p s k s t k	p s k s t k	p s k s t k
row-951	row-951	p s k s t s	p s k s t s	p s k s t s
row-952	row-952	p s k s k p	p s k s k p	p s k s k p
row-953	row-953	p s k s k t	p s k s k t	p s k s k t
row-954	row-954	p s k s k k	p s k s k k	p s k s k k
row-955	row-955	p s k s k s	p s k s k s	p s k s k s
row-956	row-956	p s k s s p	p s k s s p	p s k s s p
row-957	row-957	p s k s s t	p s k s s t	p s k s s t
row-958	row-958	p s k s s k	p s k s s k	p s k s s k
row-959	row-959	p s k s s s	p s k s s s	p s k s s s
row-960	row-960	p s s p p p	p s s p p p	p s s p p p
row-961	row-961	p s s p p t	p s s p p t	p s s p p t
row-962	row-962	p s s p p k	p s s p p k	p s s p p k
row-963	row-963	p s s p p s	p s s p p s	p s s p p s
row-964	row-964	p s s p t p	p s s p t p	p s s p t p
row-965	row-965	p s s p t t	p s s p t t	p s s p t t
row-966	row-966	p s s p t k	p s s p t k	p s s p t k
row-967	row-967	p s s p t s	p s s p t s	p s s p t s
row-968	row-968	p s s p k p	p s s p k p	p s s p k p
row-969	row-969	p s s p k t	p s s p k t	p s s p k t
row-970	row-970	p s s p k k	p s s p k k	p s s p k k
row-971	row-971	p s s p k s	p s s p k s	p s s p k s
row-972	row-972	p s s p s p	p s s p s p	p s s p s p
row-973	row-973	p s s p s t	p s s p s t	p s s p s t
row-974	row-974	p s s p s k	p s s p s k	p s s p s k
row-975	row-975	p s s p s s	p s s p s s	p s s p s s
row-976	row-976	p s s t p p	p s s t p p	p s s t p p
row-977	row-977	p s s t p t	p s s t p t	p s s t p t
row-978	row-978	p s s t p k	p s s t p k	p s s t p k
row-979	row-979	p s s t p s	p s s t p s	p s s t p s
row-980	row-980	p s s t t p	p s s t t p	p s s t t p
row-981	row-981	p s s t t t	p s s t t t	p s s t t t
row-982	row-982	p s s t t k	p s s t t k	p s s t t k
row-983	row-983	p s s t t s	p s s t t s	p s s t t s
row-984	row-984	p s s t k p	p s s t k p	p s s t k p
row-985	row-985	p s s t k t	p s s t k t	p s s t k t
row-986	row-986	p s s t k k	p s s t k k	p s s t k k
row-987	row-987	p s s t k s	p s s t k s	p s s t k s
row-988	row-988	p s s t s p	p s s t s p	p s s t s p
row-989	row-989	p s s t s t	p s s t s t	p s s t s t
row-990	row-990	p s s t s k	p s s t s k	p s s t s k
row-991	row-991	p s s t s s	p s s t s s	p s s t s s
row-992	row-992	p s s k p p	p s s k p p	p s s k p p
row-993	row-993	p s s k p t	p s s k p t	p s s k p t
row-994	row-994	p s s k p k	p s s k p k	p s s k p k
row-995	row-995	p s s k p s	p s s k p s	p s s k p s
row-996	row-996	p s s k t p	p s s k t p	p s s k t p
row-997	row-997	p s s k t t	p s s k t t	p s s k t t
row-998	row-998	p s s k t k	p s s k t k	p s s k t k
row-999	row-999	p s s k t s	p s s k t s	p s s k t s
